Chelsea v Paris St-G_Goal Scored in Both Halves?_1426103100000_Yes20:09:55.510 , 3.0549999999999997
20:10:00.505 , 3.0549999999999997
20:10:05.499 , 3.0549999999999997
20:10:10.519 , 3.0549999999999997
20:10:15.540 , 3.075
20:10:20.545 , 3.075
20:10:25.535 , 3.075
20:10:30.673 , 3.075
20:10:35.544 , 3.075
20:10:40.660 , 3.0999999999999996
20:10:45.504 , 3.0999999999999996
20:10:50.518 , 3.0999999999999996
20:10:55.498 , 3.0999999999999996
20:11:00.543 , 3.0999999999999996
20:11:05.510 , 3.0999999999999996
20:11:10.509 , 3.0999999999999996
20:11:15.521 , 3.0999999999999996
20:11:20.784 , 3.0999999999999996
20:11:25.586 , 3.0999999999999996
20:11:30.817 , 3.0999999999999996
