Man Utd v Arsenal_Arsenal To Score in Both Halves_1425930300000_Yes19:45:01.036 , 4.5
19:45:05.882 , 4.5
19:45:10.795 , 4.5
19:45:15.909 , 4.5
19:45:21.388 , 4.5
19:45:25.838 , 4.5
19:45:30.853 , 4.5
19:45:35.759 , 4.5
19:45:43.773 , 4.5
19:45:45.903 , 4.5
19:45:50.668 , 4.5
19:45:55.840 , 4.5
19:46:00.811 , 4.5
19:46:05.768 , 4.5
19:46:10.786 , 4.5
19:46:15.911 , 4.5
19:46:20.829 , 4.5
19:46:25.896 , 4.5
19:46:30.813 , 4.5
19:46:35.828 , 4.5
19:46:40.766 , 4.5
19:55:35.391 , 5.45
19:55:40.424 , 5.45
19:55:45.486 , 5.45
19:55:50.434 , 5.45
19:55:55.404 , 5.45
19:56:00.426 , 5.45
19:56:05.424 , 5.45
19:56:10.422 , 4.725
19:56:15.429 , 5.5
19:56:20.470 , 5.5
19:56:25.433 , 5.5
19:56:30.441 , 5.5
19:56:35.428 , 5.5
19:56:40.440 , 5.5
19:56:45.425 , 5.5
19:56:50.457 , 5.5
19:56:55.445 , 5.5
19:57:00.418 , 5.5
19:57:05.432 , 5.5
19:57:10.545 , 4.725
19:57:15.485 , 5.550000000000001
19:57:20.428 , 5.550000000000001
19:57:25.471 , 5.550000000000001
19:57:30.445 , 5.550000000000001
19:57:35.456 , 5.550000000000001
19:57:40.414 , 5.550000000000001
19:57:45.429 , 5.550000000000001
19:57:50.442 , 5.550000000000001
19:57:55.499 , 5.550000000000001
19:58:00.425 , 5.550000000000001
19:58:05.498 , 5.550000000000001
20:08:06.418 , 7.5
20:08:10.576 , 7.5
20:10:05.490 , 8.0
20:20:10.558 , 1.9300000000000002
20:20:15.543 , 1.9300000000000002
20:20:20.566 , 1.9300000000000002
20:20:25.534 , 1.9300000000000002
20:20:30.564 , 1.9300000000000002
20:20:35.534 , 1.9300000000000002
20:20:40.534 , 1.9300000000000002
20:20:45.560 , 1.9300000000000002
20:20:50.557 , 1.9300000000000002
20:20:55.549 , 1.9300000000000002
20:21:00.641 , 1.9300000000000002
20:21:05.544 , 1.9300000000000002
20:21:10.534 , 1.9300000000000002
20:21:15.560 , 1.9300000000000002
20:21:20.536 , 1.9300000000000002
20:21:25.542 , 1.9300000000000002
20:21:30.517 , 1.9300000000000002
20:21:35.552 , 1.9300000000000002
20:21:40.560 , 1.9300000000000002
20:21:45.544 , 1.9300000000000002
20:21:50.523 , 1.9300000000000002
20:21:55.686 , 1.9300000000000002
20:22:00.564 , 1.9300000000000002
20:22:05.536 , 1.9300000000000002
20:22:10.534 , 1.9300000000000002
20:22:15.572 , 1.9300000000000002
20:22:20.541 , 1.9300000000000002
