Arsenal v Monaco_Monaco Clean Sheet?_1424893500000_No20:29:11.387 , 1.405
20:29:16.326 , 1.405
20:29:21.348 , 1.405
20:29:26.349 , 1.405
20:29:31.344 , 1.405
20:29:36.345 , 1.405
20:29:41.365 , 1.405
20:29:46.356 , 1.405
20:29:51.350 , 1.405
20:29:56.352 , 1.415
20:30:01.343 , 1.415
20:30:06.347 , 1.415
20:30:11.477 , 1.4049999999999998
20:30:16.405 , 1.4049999999999998
20:30:21.375 , 1.41
20:30:26.333 , 1.41
20:30:31.343 , 1.41
20:30:36.353 , 1.41
20:30:41.382 , 1.41
20:30:46.341 , 1.41
20:30:51.345 , 1.41
20:30:56.355 , 1.395
20:31:01.358 , 1.42
20:31:06.346 , 1.42
20:31:11.365 , 1.42
20:31:16.347 , 1.42
20:31:31.341 , 1.44
20:31:36.428 , 1.435
20:31:41.451 , 1.43
20:31:46.374 , 1.43
20:31:51.376 , 1.43
20:31:56.356 , 1.43
20:32:01.364 , 1.43
20:32:06.343 , 1.43
20:32:11.373 , 1.43
20:32:16.344 , 1.43
20:32:21.366 , 1.44
20:32:26.374 , 1.435
20:32:31.371 , 1.435
20:32:36.342 , 1.435
20:32:41.383 , 1.4449999999999998
