Slovacko v FK Jablonec_Correct Score_1424459700000_1 - 221:01:15.693 , 1.13
21:01:19.584 , 1.125
21:01:27.368 , 1.13
21:01:28.956 , 1.125
21:01:34.329 , 1.085
21:01:38.833 , 1.115
21:01:44.417 , 1.0950000000000002
21:01:49.437 , 1.0950000000000002
21:01:54.480 , 1.1
21:02:02.102 , 1.1
21:02:05.356 , 1.1
21:02:10.567 , 1.0950000000000002
21:02:14.325 , 1.0950000000000002
21:02:20.378 , 1.0950000000000002
21:02:25.764 , 1.09
21:02:31.766 , 1.09
21:02:35.928 , 1.09
21:02:41.248 , 1.09
21:02:44.445 , 1.085
21:02:50.198 , 1.085
21:02:55.169 , 1.085
21:03:00.448 , 1.085
21:03:04.202 , 1.085
21:03:10.695 , 1.0550000000000002
21:03:15.460 , 1.0550000000000002
21:03:23.905 , 1.0550000000000002
21:03:27.946 , 1.05
21:03:35.280 , 1.05
21:03:38.325 , 1.05
21:03:43.005 , 1.04
21:03:47.520 , 1.0350000000000001
21:03:52.320 , 1.0350000000000001
21:04:02.664 , 1.0350000000000001
21:04:05.495 , 1.0350000000000001
21:04:14.384 , 1.0350000000000001
21:04:16.666 , 1.03
21:04:22.041 , 1.03
21:04:28.541 , 1.03
21:04:31.750 , 1.03
