Man Utd v Arsenal_Penalty Taken?_1425930300000_Yes19:45:01.047 , 3.5
19:45:05.890 , 3.5
19:45:10.802 , 3.5
19:45:15.913 , 3.5
19:45:21.392 , 3.45
19:45:25.840 , 3.45
19:45:30.855 , 3.525
19:45:35.760 , 3.525
19:45:43.774 , 3.55
19:45:45.904 , 3.55
19:45:50.669 , 3.55
19:45:55.841 , 3.5250000000000004
19:46:00.812 , 3.5250000000000004
19:46:05.769 , 3.5250000000000004
19:46:10.787 , 3.5250000000000004
19:46:15.912 , 3.5250000000000004
19:46:20.831 , 3.5250000000000004
19:46:25.898 , 3.5250000000000004
19:46:30.814 , 3.5250000000000004
19:46:35.828 , 3.5250000000000004
19:46:40.767 , 3.5250000000000004
19:46:45.915 , 3.5250000000000004
