Man Utd v Arsenal_Arsenal To Score in Both Halves_1425930300000_No19:56:10.422 , 1.285
19:56:15.429 , 1.285
19:56:20.470 , 1.285
19:56:25.433 , 1.285
19:56:30.441 , 1.285
19:56:35.428 , 1.285
19:56:40.440 , 1.285
19:56:45.425 , 1.285
19:56:50.457 , 1.285
19:56:55.445 , 1.285
19:57:00.418 , 1.285
19:57:05.432 , 1.285
19:57:10.545 , 1.2799999999999998
19:57:15.485 , 1.2799999999999998
19:57:20.428 , 1.2799999999999998
19:57:25.471 , 1.2799999999999998
19:57:30.445 , 1.2799999999999998
19:57:35.456 , 1.2799999999999998
19:57:40.414 , 1.2799999999999998
19:57:45.429 , 1.2799999999999998
19:57:50.442 , 1.2799999999999998
19:57:55.499 , 1.2799999999999998
19:58:00.425 , 1.2799999999999998
19:58:05.498 , 1.2799999999999998
19:58:10.428 , 1.2799999999999998
19:58:15.424 , 1.2799999999999998
19:58:20.435 , 1.2799999999999998
19:58:25.439 , 1.2799999999999998
20:37:50.602 , 2.315
20:37:55.626 , 2.315
20:38:00.647 , 2.315
20:38:05.608 , 2.315
20:38:10.592 , 2.315
20:38:15.599 , 2.315
20:38:20.789 , 2.315
20:38:25.602 , 2.315
20:38:30.612 , 2.315
20:38:35.594 , 2.315
20:38:40.595 , 2.315
20:38:45.649 , 2.315
20:38:50.749 , 2.315
20:38:55.635 , 2.315
20:39:00.594 , 2.315
20:39:05.594 , 2.315
20:39:10.607 , 2.315
20:39:15.602 , 2.315
20:39:20.588 , 2.315
20:39:25.584 , 2.315
20:39:30.596 , 2.315
20:39:35.655 , 2.315
20:39:40.592 , 2.315
20:39:45.606 , 2.315
20:39:50.601 , 2.315
20:39:55.832 , 2.315
20:40:00.616 , 2.315
20:40:05.657 , 2.315
20:40:10.605 , 2.315
20:40:15.764 , 2.315
20:40:20.679 , 2.315
20:40:25.594 , 2.315
20:40:30.623 , 2.315
20:40:35.625 , 2.315
