Arsenal v Monaco_Half Time_1424893500000_Monaco (HT)20:29:11.383 , 1.045
20:29:16.325 , 1.0550000000000002
20:29:21.347 , 1.045
20:29:26.348 , 1.045
20:29:31.343 , 1.045
20:29:36.344 , 1.045
20:29:41.364 , 1.045
20:29:46.355 , 1.045
20:29:51.349 , 1.045
20:29:56.351 , 1.045
20:30:01.343 , 1.045
20:30:06.347 , 1.0550000000000002
20:30:11.476 , 1.0550000000000002
20:30:16.404 , 1.0550000000000002
20:30:21.374 , 1.0550000000000002
20:30:26.333 , 1.0550000000000002
20:30:31.342 , 1.05
20:30:36.353 , 1.04
20:30:41.381 , 1.04
20:30:46.340 , 1.0350000000000001
20:30:51.345 , 1.0350000000000001
20:30:56.354 , 1.0150000000000001
